code,doc_id,source,evidence_quote,severity_1_5,information_sought,external_workaround,url,text
BLOCK_SIZE_SELECTION,yt_0785,youtube,which single number is the one I use to order,5,size,,https://www.youtube.com/watch?v=8hc1pWyD3-g&lc=UgzfL3TwQl1091Qscap4AaABAg,ok cool you told me to measure 5 things now I have 5 numbers so which single number is the one I use to order a fucking pair of goddamn pants?
BLOCK_SIZE_SELECTION,play_ajio_0364,play_store,they give you on shorts of a size in and another of the XXl,4,size,none,https://play.google.com/store/apps/details?id=com.ril.ajio&reviewId=4b3262f3-7f8c-4649-95d2-58c7f93891f6,worst app ever don't buy anything in this app it is full of fraud if you order to sort of size l and they give you on shorts of a size in and another of the XXl
BLOCK_SIZE_SELECTION,yt_1065,youtube,Waist 32 Inch and hlp 40 inch hai...to size kya hoga,4,size,none,https://www.youtube.com/watch?v=Li81sECrxH0&lc=UgwmzeAKGKcd_VUUF9J4AaABAg,Waist 32 Inch and hlp 40 inch hai...to size kya hoga . please bta do
BLOCK_SIZE_SELECTION,yt2_2810,youtube,Height 5.7 Weight 50 For H&M corduroy overshirt Size bata do,4,size,creator,https://www.youtube.com/watch?v=LpZ06OxW8zw&lc=UgyhrfKqPR1ngr8z08F4AaABAg,"Height 5.7 
Weight 50 
For H&M corduroy overshirt 
Size bata do pls"
BLOCK_SIZE_SELECTION,yt_0989,youtube,meeso par mai 5 fit 3 inch ki hu,4,size,creator,https://www.youtube.com/watch?v=htXcUheMxrc&lc=UgxJ2W2lPBz_6wA3A6d4AaABAg,didi plz abhi bataye n mere ko nahi online karna h meeso par mai 5 fit 3 inch ki hu or 42 kg ki to kon sa size ayega plz di abhi reply 👏👏👏 exam ke liye lena h please 😢
BLOCK_SIZE_SELECTION,yt2_0039,youtube,mera shirt size mai chest ka 36 maximum hai,4,size,,https://www.youtube.com/watch?v=OjM7ne7bezw&lc=Ugx77oqeSukqjtzmMBd4AaABAg.A_V1ztaFr7RA_V5JdqJe8B,​@BuyerExpertmera shirt size mai chest ka 36 maximum hai 😢😢 and 34 hai 😢
BLOCK_SIZE_SELECTION,yt_0987,youtube,"Mera height 4,10 hai or bust size 36",4,size,creator,https://www.youtube.com/watch?v=htXcUheMxrc&lc=UgwHUqiueXbuDmaKWu54AaABAg,"Mera height 4,10 hai or bust size 36 or 50 kg hai to mujhe konsa sizi lena chahiye"
BLOCK_SIZE_SELECTION,yt_0992,youtube,12 year ki hun mera megerment 29 hai,4,size,creator,https://www.youtube.com/watch?v=htXcUheMxrc&lc=Ugwlfav2I9ZjJlYoH354AaABAg,Didi 12 year ki hun mera megerment 29 hai to konsa size lon 28a ya 30a please help me for sports bra
BLOCK_LISTING_INCOMPLETE,yt_0658,youtube,give the link for the second last one,4,,creator,https://www.youtube.com/watch?v=ZZ25NB-RUdc&lc=Ugx7QjFm0NZXjLo0dlB4AaABAg,Pls pls pleaseeeeeeeeee give the link for the second last one.. short dress with floral prints. I really want to wear it for my birthday
BLOCK_LISTING_INCOMPLETE,yt_0947,youtube,Size chart me bhi poori jankari nahi dete,4,size,,https://www.youtube.com/watch?v=KgGRpd4e-QE&lc=Ugz8vLlQh39K_tJHT8l4AaABAg,Size chart me bhi poori jankari nahi dete
BLOCK_LISTING_INCOMPLETE,Manual_33,Reddit,apps like myntra don't have a length section,4,size,,https://www.reddit.com/r/TwoXIndia/comments/wdh41f/comment/iiijklz/?screen_view_count=3&ext-referrer=DIRECT,"Yes this is very true. None of the clothes are designed to fit women over 55kg . Even the plus sized clothes are extremely ugly and also soooo long. I also don't understand why apps like myntra don't have a length section. I need 40 inch bust with 24 inch length. The L , Xl sizing is bullshit because all brands vary."
BLOCK_LISTING_INCOMPLETE,play_myntra_3321,play_store,please mention it on the product page,4,,,https://play.google.com/store/apps/details?id=com.myntra.android&reviewId=c415b916-af1a-4424-a8d0-dff13f98620c,"Extremely disappointing experience with Myntra. If a product is not deliverable to a particular PIN code, please mention it on the product page before customers spend time browsing and selecting items. It's very frustrating to choose products, add them to the cart, and then, at the final checkout, find out that delivery is not available for our PIN code. This is a basic feature that should be available. Please display delivery eligibility upfront to avoid wasting customers' time."
BLOCK_LISTING_INCOMPLETE,yt2_1419,youtube,Ab apke link show nhi krte,4,,,https://www.youtube.com/watch?v=Uov6KYO9LPM&lc=UgypkGxfwA9BGqMSTuR4AaABAg,"Ab apke link show nhi krte open nhi hote pta nhi kyu, kuch purchase nhi kr pati hu😢"
BLOCK_LISTING_INCOMPLETE,play_ajio_0281,play_store,not deliverable for this address,4,,none,https://play.google.com/store/apps/details?id=com.ril.ajio&reviewId=4b6be6a4-1369-45f2-9943-8be0ea8ba583,Worst app i have ever seen as it is showing that the kurtis are on offer but when we are placing the order then it is showing like it is not deliverable for this address.
BLOCK_LISTING_INCOMPLETE,yt2_2483,youtube,m uska small size lena chahti hu pr option show nhi ho rha,3,size,,https://www.youtube.com/watch?v=898YWhYDgz4&lc=UgxLmeFEULyt7TSzkIh4AaABAg,Maine Myntra pr Nivea lotion order Kiya tha bt ab m uska small size lena chahti hu pr option show nhi ho rha email b bhej diya koi solution nhi h
BLOCK_LISTING_INCOMPLETE,yt_0507,youtube,big size xl or 2xl size hai or price v bataiye,3,size,,https://www.youtube.com/watch?v=1XD6msqkAUE&lc=UgwJhgDKegPjVyVfCJ14AaABAg,Aap ke pas big size xl or 2xl size hai or price v bataiye
BLOCK_FABRIC_QUALITY,yt2_2662,youtube,Online shopping is so stressfu😰l,5,fabric,offline_store,https://www.youtube.com/watch?v=qii3btD9IHs&lc=UgzgVfOq6IzX_M-Hgkx4AaABAg,"☝️not enough information.. n sometimes wrong information in d description.. n there's heavy editing the photos..you just can't know.. n when our returns increase, the websites get an excuse to charge us extra on every purchase... even block our account if we pass a certain limit!!😒

Online shopping is so stressfu😰l.. sometimes the seller doesn't send us the tag or something.. the product is defective .. nowadays so many products are defective ..or due to some other mistake of the seller our return gets cancelled.. 75% of the time what we see n what we get is slightly different.. either d fitting is horrible.. or the color is different .. online shopping is just horrible n so stressful.. 

it's become too risky to buy expensive things online.. what if the website refuses to return? 

I hv stopped buying as much online now.. i far prefer offline purchases now.. go to the shop n directly purchase things.. that's so much better an experience ..n you don't feel stressed before n after buying anything either.. 

n many times offline buying is far cheaper as well.. especially for the small little things in daily life.. cheap stuff sells so highly priced online"
BLOCK_FABRIC_QUALITY,yt2_0244,youtube,libas ke cotton blend kurta set shrink hota hei,4,fabric,creator,https://www.youtube.com/watch?v=9nP1eB-_fag&lc=UgwBcSTup1ORbMJFEUp4AaABAg,Hi anu  kya libas ke cotton blend kurta set shrink hota hei kya q ki jo mene abhi liya woh toh thoda tight ho raha hei kya kru
BLOCK_FABRIC_QUALITY,yt_0862,youtube,abtak 7 bar dresses wapas kar chuki hu,4,fabric,,https://www.youtube.com/watch?v=UAGE51XUIZg&lc=Ugw1Altnv1zzeCypslZ4AaABAg,"Par meesho pe wo shine nhi hoti jo honi chahiye, abtak 7 bar dresses wapas kar chuki hu. Aur app bhi delete kr diya"
BLOCK_FABRIC_QUALITY,play_myntra_3336,play_store,description of the fabric is totally wrong,4,fabric,,https://play.google.com/store/apps/details?id=com.myntra.android&reviewId=6256f931-07e3-4761-a857-8704093cbea4,The description of the fabric is totally wrong
BLOCK_FABRIC_QUALITY,play_ajio_0402,play_store,quality of the product is not satisfactory,4,fabric,none,https://play.google.com/store/apps/details?id=com.ril.ajio&reviewId=c46af9a5-1e5a-49a9-9bb6-54090a1a75c9,"Many times, quality of the product is not satisfactory and we are forced to return. so our return goes above average."
BLOCK_FABRIC_QUALITY,yt2_1067,youtube,they shrank so much!,4,size,none,https://www.youtube.com/watch?v=A6SkEwdjj-8&lc=UgwvhCbTszJM9tQZ6kF4AaABAg,"I tried the Bronson shirts and they shrank so much! I'm 6ft, 200lbs and usually wear a large. Per their advice, I ordered an xl, and after the first wash it fits me like a small in other shirts. It doesn't even fully cover my stomach in terms of length now"
BLOCK_FABRIC_QUALITY,yt2_0132,youtube,"Ismai wrinkle padti hai kya, verna bahut jalti kharab ho jaati hogi",3,fabric,,https://www.youtube.com/watch?v=nYHLXPiNUA8&lc=UgybyNRHmnwqLB-I77Z4AaABAg,"Ismai wrinkle padti hai kya, verna bahut jalti kharab ho jaati hogi"
BLOCK_FABRIC_QUALITY,yt2_0355,youtube,"പല meterial il elle ഇത്.. Rayon, viscos rayon, cotton 🤔🤔??",3,fabric,none,https://www.youtube.com/watch?v=5drKjsPBSLw&lc=Ugzw2GnR428wL87ZyUN4AaABAg,"പല meterial il elle ഇത്.. Rayon, viscos rayon, cotton 🤔🤔??"
BLOCK_STYLING,yt2_2748,youtube,bhen ki next month shaadi h nd I'm literally confused,5,styling,creator,https://www.youtube.com/watch?v=mQtsNLZrc6g&lc=Ugzf2CDiSO6TTqmxFcp4AaABAg,Bhai I'm (Male 23) meri khud ki bhen ki next month shaadi h nd I'm literally confused what to where..aajtk kuch aisa phena nhi jo idea hoo plzz help me out 🙏🏻..🥺
BLOCK_STYLING,yt_1062,youtube,kurta ghutna k niche tak aye,4,size,,https://www.youtube.com/watch?v=Li81sECrxH0&lc=UgxSqiY68KSNgJDlNst4AaABAg,Mere height 5.5in hai me konsi size lu  k kurta ghutna k niche tak aye
BLOCK_STYLING,Manual_35,Reddit,Tired of the overlong shapeless kurtas,4,styling,tailor,https://www.reddit.com/r/TwoXIndia/comments/wdh41f/comment/iiijklz/?screen_view_count=3&ext-referrer=DIRECT,I have given up on Indian wear. Tired of the overlong shapeless kurtas and extra wide bottom wear. I can't understand why these are trending. I am genuinely curious. Only option left is buying fabric and getting it custom stitched which is costlier.
BLOCK_STYLING,yt2_1504,youtube,dusky tone girl maii khud ke liye colour choose hi nhi kr pati,3,styling,creator,https://www.youtube.com/watch?v=e-RveOO7mb4&lc=UgyeZS0K3MxEuWY7v494AaABAg,Hiiii aapki collection to achhi h bt I'm brown tone girl or dusky tone girl maii khud ke liye colour choose hi nhi kr pati
BLOCK_STYLING,yt2_0653,youtube,Eid ke liye white dress ka koi option btao,3,styling,creator,https://www.youtube.com/watch?v=k65aOaQItm0&lc=UgwsvyvFmlCebPk4_A94AaABAg,Diii plzzz plzzz Eid ke liye white dress ka koi option btao na dii plzzz
BLOCK_STYLING,yt2_0679,youtube,smj ni aara h kese colour ka blouse lu,3,styling,friends,https://www.youtube.com/watch?v=HBl_aD-JybI&lc=UgyM4dYLZywI2q_Md1d4AaABAg,Hy simran di..mney ek saree li h double shining wali usme copper colour h or firoji ki shine h smj ni aara h kese colour ka blouse lu uspe sb khre h black le
BLOCK_STYLING,yt2_1119,youtube,It doesn't suit those of us with beefier necks.,3,styling,none,https://www.youtube.com/watch?v=A6SkEwdjj-8&lc=Ugz3MQy9_ElOf38C1RV4AaABAg,I honestly can't stand those chunky neck lines. It doesn't suit those of us with beefier necks. The daintier neckline on the Merz makes that alone worth it for me.
BLOCK_STYLING,yt2_0674,youtube,overthinking about what to wear/ where to shop,3,styling,creator,https://www.youtube.com/watch?v=k65aOaQItm0&lc=UgzFphMNFQUZvD6YwPl4AaABAg,"Great video !! Like only an hour ago, I was so much overthinking about what to wear/ where to shop for my best friend's wedding that gonna happen in exactly three months !! Love to you :)"
BLOCK_DURABILITY_VALUE,play_myntra_1064,play_store,what the all discounts of sale are gone,4,,,https://play.google.com/store/apps/details?id=com.myntra.android&reviewId=ed5a41ba-5b82-4cdf-81c9-8842c4e5d991,2 days ago I shortlisted few nikes to buy but I didn't order it because at that moment I was a bit busy with my work and I saw sale is for few days. Today I wanted to order a what the all discounts of sale are gone for those shoes Why??? sale is still going to last 4 hours so why those offers a deducted??? is the sale over?? No so why can't you guys continue with the sale offers. Another thing give us price list check like Amazon did to review recent prices.
BLOCK_DURABILITY_VALUE,play_myntra_3120,play_store,app always increases price of an item,4,,,https://play.google.com/store/apps/details?id=com.myntra.android&reviewId=dda0239a-c1c5-40c7-8d55-62607e234915,This app always increases price of an item that which we kept to add or favorite it's just totally waste of money
BLOCK_DURABILITY_VALUE,yt2_1228,youtube,itna mehnga to nhi afford kr skte,4,,,https://www.youtube.com/watch?v=RCWeXpdVbeg&lc=UgzrozuwWS5zsjF9kJ94AaABAg.AAATrHNDX0rAAAUlAIP6bw,Nhi bhen itna mehnga to nhi afford kr skte
BLOCK_DURABILITY_VALUE,yt2_1212,youtube,the prices just broke my heart,4,,,https://www.youtube.com/watch?v=RCWeXpdVbeg&lc=UgwjbVul9OkCxPDrhPp4AaABAg,"I loved all these sarees especially the rhinestone baby pink saree . So I checked their website, but the prices just broke my heart😭 only the blouse was for 17k😢"
BLOCK_DURABILITY_VALUE,yt2_1424,youtube,the quality was really poor.,4,durability,creator,https://www.youtube.com/watch?v=__737DvZz84&lc=UgxU41LWRHvMQlmGjX54AaABAg,Pls don't show poor quality dresses just for the video.i have bought a lot of dresses from your recommendation it was good....but the peach dress which your wearing looks good in video but the quality was really poor.
BLOCK_DURABILITY_VALUE,yt2_0026,youtube,Bear house aur here and now ki shirt durable hai ya nhi,3,durability,,https://www.youtube.com/watch?v=OjM7ne7bezw&lc=Ugx2Pdx3mCqPdxRF2cR4AaABAg,Bear house aur here and now ki shirt durable hai ya nhi
BLOCK_DURABILITY_VALUE,yt2_0923,youtube,I'm looking for the best quality for fewest dollars on outdoor wear,3,durability,creator,https://www.youtube.com/watch?v=A6SkEwdjj-8&lc=Ugz-NemZHUI6VHvpP814AaABAg,I'm looking for the best quality for fewest dollars on outdoor wear do y'all have any recommendations?
BLOCK_DURABILITY_VALUE,yt2_0092,youtube,Bhaiya full sleeve Polo collar t-shirt per lao video,3,,creator,https://www.youtube.com/watch?v=p0z6dwVFqwY&lc=UgwFPPuXgV_pyv_BBdd4AaABAg,"Bhaiya full sleeve  Polo collar t-shirt per lao video 

Garmi a gai hai shirt Log kitne pahne ke bar bar iron karni padati hai 
T-shirt theek rahata hai casually pahnane ke liye budget mein lawyer tum bahut jyada mahange 

Ham hajar rupaye mein factoriyon se behtarin shirt Le lete Hain 
Unke mukabale mein yah bear house vagaira kuchh nahin Hai"
BLOCK_BODY_PROJECTION,yt2_0901,youtube,"How much space does each pair of pants have for your ekhm ""snail""",4,fit,,https://www.youtube.com/watch?v=A6SkEwdjj-8&lc=Ugz9y0E8VbD1ywilJst4AaABAg.AK-mJfgfAY2AKZSPuVlUvA,"Okay we need a new criteria 
How much space does each pair of pants have for your ekhm ""snail""
Because it has been an issue for me for example
A lot of brands going into unisex sizing forgetting completely about anatomy 
Forcing me to wear them uncomfortably low so I have space for my family jewels
Like I want to wear my pants high and belt em securely 
I can live with my ass being a bit tight but I can't live with crushing in the front or being forced to put it in the left or right trouser leg and it still looks like a bulge which is well not a good look in the public
And I am not a gifted man and I am having these problems so I wonder how those who were more gifted live with it"
BLOCK_BODY_PROJECTION,yt_0320,youtube,too crop for me bcz of my height,4,fit,,https://www.youtube.com/watch?v=iabxMFFAt7s&lc=UgyLoNLciXdJUi-L-nB4AaABAg,"First one is too good but too crop for me bcz of my height 😢😢😢
Why I'm so long 
Sometime I hate my height. 
Can't wear crop and high heels 😢😢"
BLOCK_BODY_PROJECTION,Manual_78,Quora,wild guess if it would suit you well,4,fit,friends,https://www.quora.com/search?q=online%20clothes%20shopping%20experience,"I am not addicted to online shopping but sometimes rarely i order and its mostly from shein…they are good very good…the image I had in my mind is always fulfilled .But sometimes you need to have a wild guess if it would suit you well or look as it is in the shown image ??! I always wanted to order a lingerie set …I am a type of introvert person …so I can't go and buy one in the shops and explain the shopkeeper the details I needed …so I decided to buy it online..

It was very hot ,net type lingerie set ..dark maroon striped and net…idk I had a innervoice it may not fit well as it was looking in the picture..But I was tempted n I ordered it it was around 470 inr.. I obviously ordered it with other tops to cut delivery chargers ..I rmbr one of my girlfriend told me it may not be as good as the image but I had already ordered it n was very excited so I decided not to cancel it..

And the day it arrived …I was so disappointed it was very weirdly loose and not at all hot..it's sitting as a total waste in my closet .!!

I should have listened to myself and my friend.. shein has a 60 day return so I have no option for returning ..

So always see the reviews ,size chart,type and then order anything online!"
BLOCK_BODY_PROJECTION,yt2_0956,youtube,My problem with Uniqlo t shirts is that they are so short,3,fit,,https://www.youtube.com/watch?v=A6SkEwdjj-8&lc=UgwEiQLPLm_m1JARLT94AaABAg,"My problem with Uniqlo t shirts is that they are so short, half my belly shows when i stretch"
BLOCK_BODY_PROJECTION,yt2_0926,youtube,You got recommendations for brands that are good for tall people?,3,fit,creator,https://www.youtube.com/watch?v=A6SkEwdjj-8&lc=UgwnwoKxJFBzLNcZ7mZ4AaABAg,Snail! You got recommendations for brands that are good for tall people?
BLOCK_BODY_PROJECTION,yt_0630,youtube,bottom thode uper ko khiche kichhe aate hai,3,fit,creator,https://www.youtube.com/watch?v=mEo4RxEMitA&lc=UgzmnQZzoDsQQ5MAztR4AaABAg.A_P3N6yMiiXA_P9pjKq4on,​@DreamSimpleAnudi meri height 5'6 hai ... esliye bottom thode uper ko  khiche kichhe aate hai ...I mean chhota ....any solution di
BLOCK_BODY_PROJECTION,Manual_9,Reddit,she kept on saying grab a smaller size,3,fit,friends,https://www.reddit.com/r/Mounjaro/comments/1uxa87z/comment/oxq4ktz/?screen_view_count=3&ext-referrer=DIRECT,"I went shopping with my bestie & she kept on saying grab a smaller size but I definitely grab those XL & L still. I think I was honestly a L for most of my life but I HATE anything too tight so it was always go bigger, especially if I worried it would shrink. It is sad how I was always mentally reducing my size by buying bigger but in essence I was just hiding myself. I see plenty of big girls who rock "
BLOCK_BODY_PROJECTION,Manual_40,Reddit,it doesn't seem to fit me much,3,styling,offline_store,https://www.reddit.com/r/IndianBeautyTalks/comments/1pqd1mv/comment/p2m38vi/?screen_view_count=1&ext-referrer=DIRECT,"I have been to westside a few times but I feel like I don't vibe much with their clothings, it doesn't seem to fit me much (I'm more of a curvy person as well as short :') )"
